000 people 11 population,1.0
000 per person receive,1.0
04 2008 nation aging,1.0
04 24 77 chris,1.0
12 29 came pass,1.0
13 pet 11 directly,1.0
14ft cloth yet stories,1.0
157 billion year 18,1.0
157 muhammad wrong muhammad,1.0
170 average show 2012,1.0
1870 beating homosexual stacked,1.0
193 bn lost taxes,1.0
1933 mafia end course,1.0
1948 upholds basic principle,1.0
2001 2003 11 happened,1.0
2010 final season lost,1.0
21 1sam 19 jer,1.0
30 billion month the,1.0
54 odd half group,1.0
63 stands ft 16m,1.0
75 feet wide 45,1.0
99 willing get lvl,1.0
absorption citrate opponent afraid,1.0
accept basis mere ethical,1.0
acceptance 72 hours per,1.0
accidentally killing equivalent purposely,1.0
according british home office,1.0
according brookings institute multitude,1.0
acknowledge people much right,1.0
across board 10 minimum,1.0
acting upon illogical orders,1.0
actions seem fit within,1.0
actually mate controlling yes,1.0
actually respond spirit fair,1.0
actually responsible spotlighted media,1.0
add resolutional definitions8 bop,1.0
adult kid ef executive,1.0
advice penalized costs school,1.0
affiliate students middle east,1.0
agenda change public education,1.0
agrees almost every topic,1.0
alan keyes extend arguments,1.0
alive safety lee clem,1.0
allies supply us oil,1.0
allowed marry despite similar,1.0
already people mobile phone,1.0
also strongest form government,1.0
also thing evolution creatures,1.0
also thing except promotes,1.0
america still supports same,1.0
and frikkin survivor damn,1.0
apply god pro also,1.0
appreciate voted based debate,1.0
argue morality morality religious,1.0
arguing ignorance however contrary,1.0
arizona researchscientist peter jensen,1.0
arrest nonviolent person hurting,1.0
ashur considered one mujadidin,1.0
ask well think would,1.0
assuring beliefs would respected,1.0
atheist supposedly however false,1.0
athlete nope source magazine,1.0
attacks fault unclear resolution,1.0
aware regardless interesting perspective,1.0
away free trade http,1.0
away help japan however,1.0
bad one could blame,1.0
banks printing currency interferes,1.0
basis claim homosexuals born,1.0
battery district schools decreased,1.0
battle also turning point,1.0
beam north south measured,1.0
become irresponsible conclusion opponent,1.0
become theist since popular,1.0
befriend people look like,1.0
began focus less hardware,1.0
begin exist negation would,1.0
begin important identify incarnations,1.0
believe ends justify means,1.0
believe physical laws randomly,1.0
believe skip next section,1.0
believe supernatural god believe,1.0
believe trump racist also,1.0
better since achieve value,1.0
bill clinton kwame kilpatrick,1.0
biodome challenging debate courteous,1.0
birth baby mean include,1.0
blame sub point 1b,1.0
bleed tester careful seep,1.0
bollier ed 1995 future,1.0
boom easy to use,1.0
british hand preferred fire,1.0
brought alaska alyeska oil,1.0
burden proof bopthis misunderstanding,1.0
burnt offering offerings made,1.0
bus drop kids wont,1.0
bush claim violating rights,1.0
buzzfeed com http www,1.0
ca build nothing anonymous,1.0
california death penalty system,1.0
